{"p_self": {"拠": [4e-06, 0.000982, 0.121411, 0.279615, 0.714787, 0.791465, 0.83924, 0.885195, 0.887478, 0.909974, 0.919769, 0.9361, 0.945021, 0.949845, 0.948479, 0.963353, 0.967609, 0.967801, 0.970626, 0.974826, 0.975841, 0.979563, 0.981932, 0.983723, 0.980953, 0.98117, 0.980344, 0.980496, 0.985443, 0.985144, 0.982032, 0.985396, 0.989554, 0.987666, 0.984893, 0.988161, 0.987012, 0.989046, 0.992244, 0.993072, 0.99304, 0.990943, 0.990545, 0.991196, 0.994737, 0.994798, 0.995064, 0.995966, 0.996116, 0.996129, 0.996634, 0.996598, 0.996202, 0.996078, 0.995822, 0.996307, 0.996314, 0.996298, 0.99506, 0.994523, 0.993704, 0.994938, 0.994983, 0.994771, 0.994071, 0.995291, 0.995765, 0.995962, 0.995615, 0.995709, 0.99584, 0.996789, 0.99729, 0.997764, 0.997806, 0.997359, 0.997681, 0.997046, 0.996155, 0.994364, 0.99559, 0.996504, 0.996557, 0.997469, 0.997119, 0.996748, 0.997454, 0.997482, 0.997806, 0.998323, 0.998211, 0.998145, 0.998053, 0.997982, 0.998663, 0.998262, 0.998254, 0.998446, 0.99773, 0.997478], "慮": [0.000156, 0.006061, 0.314859, 0.605161, 0.778859, 0.831197, 0.89327, 0.916782, 0.932205, 0.935759, 0.944297, 0.948439, 0.956333, 0.95535, 0.95826, 0.96384, 0.966221, 0.971566, 0.974658, 0.974401, 0.969909, 0.970824, 0.971708, 0.979464, 0.981278, 0.980861, 0.980934, 0.976739, 0.980746, 0.980856, 0.981422, 0.98305, 0.986508, 0.98609, 0.984102, 0.982868, 0.984341, 0.986273, 0.989623, 0.990143, 0.990499, 0.991204, 0.991053, 0.992455, 0.993682, 0.99385, 0.993898, 0.994656, 0.995376, 0.99496, 0.996549, 0.995432, 0.996337, 0.996339, 0.997808, 0.997808, 0.998383, 0.998665, 0.998514, 0.99833, 0.997915, 0.996945, 0.996919, 0.996685, 0.996365, 0.99703, 0.997829, 0.997638, 0.997342, 0.996946, 0.995752, 0.995156, 0.993221, 0.996114, 0.997751, 0.998297, 0.998691, 0.998892, 0.998654, 0.998126, 0.998293, 0.998258, 0.998516, 0.998583, 0.998406, 0.998012, 0.998106, 0.997217, 0.997154, 0.997158, 0.998237, 0.998367, 0.998402, 0.997797, 0.997162, 0.996634, 0.997009, 0.99741, 0.997892, 0.997155], "あ": [0.122449, 0.553291, 0.649664, 0.732698, 0.76114, 0.8028, 0.815429, 0.851967, 0.866658, 0.881736, 0.892902, 0.901913, 0.921668, 0.916382, 0.915153, 0.917566, 0.917931, 0.921466, 0.925721, 0.932732, 0.95028, 0.958725, 0.961753, 0.971305, 0.974977, 0.977744, 0.975431, 0.978561, 0.980005, 0.980652, 0.981955, 0.98267, 0.983917, 0.982444, 0.986151, 0.983493, 0.98512, 0.986294, 0.987787, 0.98945, 0.990142, 0.990764, 0.990236, 0.991482, 0.994657, 0.994693, 0.994359, 0.994465, 0.993697, 0.992444], "日": [0.003502, 0.02447, 0.314216, 0.443452, 0.772769, 0.784643, 0.864003, 0.887525, 0.884174, 0.908017, 0.927532, 0.936442, 0.934919, 0.937413, 0.947429, 0.950541, 0.958339, 0.953751, 0.954043, 0.956528, 0.964484, 0.962938, 0.970035, 0.973536, 0.972395, 0.971467, 0.974999, 0.973848, 0.977532, 0.978943, 0.978922, 0.976512, 0.979541, 0.981401, 0.981634, 0.982096, 0.98259, 0.982307, 0.981768, 0.98027, 0.979754, 0.979424, 0.981237, 0.981735, 0.984788, 0.985964, 0.988288, 0.986032, 0.984501, 0.982744, 0.984148, 0.986312, 0.986522, 0.986822, 0.989082, 0.989158, 0.989393, 0.989739, 0.990918, 0.990835, 0.992118, 0.99283, 0.992726, 0.993257, 0.993063, 0.992242, 0.992629, 0.992533, 0.992255, 0.992034, 0.993079, 0.994784, 0.996719, 0.997564, 0.997837, 0.996913, 0.997005, 0.99734, 0.997115, 0.997377, 0.997243, 0.997414, 0.997698, 0.998158, 0.997813, 0.997508, 0.997406, 0.998062, 0.998428, 0.998272, 0.998397, 0.998303, 0.998218, 0.998082, 0.99815, 0.998187, 0.998202, 0.997881, 0.997412, 0.997389], "A": [0.343536, 0.655541, 0.718779, 0.801069, 0.813055, 0.837865, 0.006283]}, "hs_collapse": {"Layer 0": [1.0, 1.0, 1.0, 1.0, 1.0, 1.0, 1.0, 1.0, 1.0, 1.0, 1.0, 1.0, 1.0, 1.0, 1.0, 1.0, 1.0, 1.0, 1.0, 1.0, 1.0, 1.0, 1.0, 1.0, 1.0, 1.0, 1.0, 1.0, 1.0, 1.0, 1.0, 1.0, 1.0, 1.0, 1.0, 1.0, 1.0, 1.0, 1.0, 1.0, 1.0, 1.0, 1.0, 1.0, 1.0, 1.0, 1.0, 1.0, 1.0, 1.0, 1.0, 1.0, 1.0, 1.0, 1.0, 1.0, 1.0, 1.0, 1.0, 1.0, 1.0, 1.0, 1.0, 1.0, 1.0, 1.0, 1.0, 1.0, 1.0, 1.0, 1.0, 1.0, 1.0, 1.0, 1.0, 1.0, 1.0, 1.0, 1.0, 1.0, 1.0, 1.0, 1.0, 1.0, 1.0, 1.0, 1.0, 1.0, 1.0, 1.0, 1.0, 1.0, 1.0, 1.0, 1.0, 1.0, 1.0, 1.0, 1.0, 1.0], "Layer 10": [1.0, 0.3731, 0.3124, 0.2641, 0.2339, 0.2123, 0.2161, 0.2188, 0.2372, 0.2233, 0.2142, 0.2178, 0.2228, 0.2395, 0.2383, 0.2243, 0.2169, 0.2152, 0.2121, 0.206, 0.2079, 0.2145, 0.2155, 0.2133, 0.2127, 0.2116, 0.2101, 0.2127, 0.2162, 0.2237, 0.2291, 0.2281, 0.2292, 0.2181, 0.2125, 0.2178, 0.2224, 0.2241, 0.221, 0.2161, 0.2089, 0.2079, 0.209, 0.2106, 0.2149, 0.2156, 0.2095, 0.2085, 0.2045, 0.2, 0.1959, 0.196, 0.2031, 0.2069, 0.2024, 0.1974, 0.1972, 0.2007, 0.2032, 0.2055, 0.2078, 0.2029, 0.2062, 0.2131, 0.2137, 0.2098, 0.2017, 0.1975, 0.201, 0.2105, 0.2189, 0.2179, 0.214, 0.2047, 0.201, 0.1997, 0.2025, 0.2048, 0.203, 0.1988, 0.1987, 0.1994, 0.2016, 0.2016, 0.1966, 0.1953, 0.2008, 0.2133, 0.2306, 0.23, 0.2208, 0.2164, 0.2132, 0.2154, 0.2193, 0.2182, 0.2144, 0.2037, 0.1974, 0.1947], "Layer 17": [1.0, 0.7272, 0.7109, 0.6637, 0.6116, 0.5906, 0.5674, 0.554, 0.5472, 0.5352, 0.5298, 0.5224, 0.5171, 0.5089, 0.4988, 0.4891, 0.4913, 0.4941, 0.4912, 0.4881, 0.4848, 0.4731, 0.4668, 0.4613, 0.4678, 0.4671, 0.4701, 0.4661, 0.4522, 0.4481, 0.4472, 0.4445, 0.4389, 0.4384, 0.4441, 0.4449, 0.4427, 0.4375, 0.4263, 0.4271, 0.4297, 0.4379, 0.4395, 0.4339, 0.4196, 0.4115, 0.4066, 0.41, 0.4119, 0.415, 0.4156, 0.4158, 0.4098, 0.4052, 0.3988, 0.4043, 0.4096, 0.4082, 0.4046, 0.3984, 0.3969, 0.3982, 0.3948, 0.3869, 0.3847, 0.3874, 0.3876, 0.3942, 0.4005, 0.3948, 0.3789, 0.3674, 0.3671, 0.3671, 0.3649, 0.3643, 0.3639, 0.3647, 0.3673, 0.365, 0.3581, 0.3556, 0.3571, 0.3626, 0.367, 0.3665, 0.3612, 0.3551, 0.3484, 0.3502, 0.3545, 0.3626, 0.3643, 0.3623, 0.3556, 0.3557, 0.3549, 0.3562, 0.3619, 0.3661], "Layer 35": [1.0, 0.6987, 0.6706, 0.5998, 0.6226, 0.6196, 0.6188, 0.6164, 0.6135, 0.6177, 0.6233, 0.6257, 0.6189, 0.6136, 0.6192, 0.6255, 0.6264, 0.6276, 0.6262, 0.625, 0.6213, 0.6219, 0.6291, 0.6347, 0.6362, 0.6332, 0.6275, 0.6266, 0.6212, 0.6329, 0.6355, 0.6345, 0.6323, 0.6302, 0.6296, 0.6348, 0.6351, 0.6298, 0.627, 0.6301, 0.6332, 0.6354, 0.6323, 0.6284, 0.623, 0.6204, 0.6212, 0.6224, 0.6239, 0.6279, 0.6218, 0.6148, 0.6075, 0.6074, 0.6138, 0.6249, 0.626, 0.6211, 0.6192, 0.6244, 0.6363, 0.6415, 0.6412, 0.6304, 0.6242, 0.627, 0.6314, 0.6297, 0.627, 0.6215, 0.6246, 0.629, 0.6335, 0.6326, 0.6269, 0.6186, 0.6058, 0.6028, 0.6013, 0.6062, 0.6088, 0.6082, 0.6057, 0.6066, 0.6084, 0.6149, 0.613, 0.6113, 0.609, 0.6094, 0.6179, 0.6224, 0.619, 0.6105, 0.6101, 0.6065, 0.5987, 0.5954, 0.6006, 0.6026]}, "attn_sink_means": [0.3587, 0.419, 0.5748, 0.203, 0.4202, 0.369, 0.2298, 0.1147, 0.3137, 0.2909, 0.3796, 0.3409, 0.2767, 0.4801, 0.2248, 0.6604, 0.7249, 0.7854, 0.7686, 0.4843, 0.651, 0.8174, 0.7047, 0.45, 0.255, 0.6162, 0.8511, 0.8413, 0.7654, 0.29, 0.8398, 0.9087, 0.8169, 0.7886, 0.3246], "entropy_trace": [{"offset": -20, "entropy": 0.0036, "top1_p": 0.999605, "top1_token": "拠"}, {"offset": -19, "entropy": 0.0048, "top1_p": 0.999458, "top1_token": "拠"}, {"offset": -18, "entropy": 0.0065, "top1_p": 0.99925, "top1_token": "拠"}, {"offset": -17, "entropy": 0.0084, "top1_p": 0.999008, "top1_token": "拠"}, {"offset": -16, "entropy": 0.0149, "top1_p": 0.998105, "top1_token": "拠"}, {"offset": -15, "entropy": 0.017, "top1_p": 0.997809, "top1_token": "拠"}, {"offset": -14, "entropy": 0.0193, "top1_p": 0.997478, "top1_token": "拠"}, {"offset": -13, "entropy": 0.0164, "top1_p": 0.997872, "top1_token": "拠"}, {"offset": -12, "entropy": 0.0119, "top1_p": 0.998532, "top1_token": "拠"}, {"offset": -11, "entropy": 0.0128, "top1_p": 0.998383, "top1_token": "拠"}, {"offset": -10, "entropy": 0.0113, "top1_p": 0.998586, "top1_token": "拠"}, {"offset": -9, "entropy": 0.0111, "top1_p": 0.998609, "top1_token": "拠"}, {"offset": -8, "entropy": 0.0104, "top1_p": 0.998699, "top1_token": "拠"}, {"offset": -7, "entropy": 0.0091, "top1_p": 0.998897, "top1_token": "拠"}, {"offset": -6, "entropy": 0.0092, "top1_p": 0.998887, "top1_token": "拠"}, {"offset": -5, "entropy": 0.0069, "top1_p": 0.999193,